{
  "champion": {
    "roc_auc": 0.992,
    "f1": 0.8,
    "precision": 0.6666666666666666,
    "recall": 1.0
  },
  "champion_model_type": "logistic_regression",
  "baseline_persistence": {
    "f1": 0.8181818181818182,
    "accuracy": 0.9333333333333333
  }
}